Workbook

Sheet Ordem de Produção
F2: NF:
F4: Nº Proposta | G4: =Pedido!N7 -> 0
B7: CLIENTE: | D7: =Pedido!D5 -> 0
B9: TRANSPORTADORA: | E9: =Pedido!I39 -> 0
B11: STATUS:
B13: Dimenssões
B14: Item | C14: Produto | F14: Comprimento(mm) | H14: Largura(mm) | I14: Altura(mm) | J14: Peso(kg) | K14: Volume
B15: =Pedido!B27 -> 1 | C15: =Pedido!E27 -> 0 | F15: =Pedido!C34 -> 0 | H15: =Pedido!E34 -> 0 | I15: =Pedido!G34 -> 0 | J15: =Pedido!K34 -> 0 | K15: =Pedido!N34 -> 0
B16: =Pedido!B28 -> 2 | C16: =Pedido!E28 -> 0 | F16: =Pedido!C35 -> 0 | H16: =Pedido!E35 -> 0 | I16: =Pedido!G35 -> 0 | J16: =Pedido!K35 -> 0 | K16: =Pedido!N35 -> 0
B17: =Pedido!B29 -> 3 | C17: =Pedido!E29 -> 0 | F17: =Pedido!E36 -> 0 | H17: =Pedido!E36 -> 0 | I17: =Pedido!G36 -> 0 | J17: =Pedido!K36 -> 0 | K17: =Pedido!N36 -> 0

Sheet Pedido
B2: Agimix Soluções Industriais | F2: PEDIDO DE VENDA
B3: CNPJ: 28.143.296/0001-19
B4: Cliente: PMW Com de Revestimento
B5: Data: 21/10/2025 | F5: CPF/CNPJ: | L5: I.E
B7: Data venda: | F7: Previsão entrega: | L7: N.º Proposta:
B10: INFORMAÇÕES DE CONTATO
B11: Nome / Setor | F11: Telefone | I11: E-mail
B18: DADOS DO PRODUTO
B19: Produto | K19: PH
B20: Produto similar | K20: Explosivo | M20: NÃO
B21: Viscosidade
B22: Densidade
B23: Temperatura
B25: EQUIPAMENTO
B26: Item | C26: Código | D26: Descrição | F26: Contato c/ produto | H26: Externo | J26: CV | K26: Tensão | L26: QNT | M26: Valor uni. | N26: Valor total
B27: 1 | N27: =M27*L27 -> 0
B28: 2 | N28: =M28*L28 -> 0
B29: 3 | N29: =M29*L29 -> 0
B30: Total | N30: =SUM(N27:O29) -> 0 | R30: CIF | T30: Rodonaves
B32: DIMENSÕES
B33: Item | C33: Comprimento(mm) | E33: Largura(mm) | G33: Altura | K33: Peso | M33: Volume
B34: 1
B35: 2
B36: 3
B38: FRETE
B39: Frete: | E39: Valor | G39: Transportadora
B40: Observações
B45: Dados para Faturamento
B46: Forma de pagamento:
B47: Contato:
E52: ASSINATURA DO CLIENTE
